id_imovel,ano,valor_estimado
1,2011,91907.9
1,2012,97687.29
1,2013,102618.26
1,2014,107806.32
1,2015,103958.43
1,2016,98216.14
1,2017,100476.89
1,2018,106641.73
1,2019,109778.14
1,2020,117342.14
1,2021,129216.06
1,2022,134776.91
1,2023,141695.54
1,2024,148871.22
1,2025,159676.13
2,2014,90279.3
2,2015,88157.4
2,2016,83189.19
2,2017,83847.44
2,2018,88454.47
2,2019,96219.08
2,2020,103592.88
2,2021,116293.57
2,2022,127336.29
2,2023,135013.61
2,2024,142733.04
2,2025,150049.67
3,2015,90215.39
3,2016,87941.79
3,2017,90105.48
3,2018,96621.65
3,2019,105081.67
3,2020,110971.52
3,2021,122494.56
3,2022,130679.1
3,2023,143345.73
3,2024,154774.21
3,2025,162523.03
4,2010,91181.18
4,2011,98600.38
4,2012,105537.5
4,2013,111215.42
4,2014,116098.49
4,2015,111749.31
4,2016,109364.07
4,2017,108040.58
4,2018,110464.23
4,2019,116800.59
4,2020,121837.57
4,2021,131048.0
4,2022,137171.49
4,2023,142811.34
4,2024,144028.43
4,2025,147439.43
5,2014,86163.09
5,2015,86671.68
5,2016,84924.58
5,2017,86186.0
5,2018,92347.13
5,2019,98868.99
5,2020,106073.76
5,2021,118825.44
5,2022,125135.43
5,2023,132642.7
5,2024,142762.73
5,2025,153861.75
6,2014,93206.75
6,2015,91212.13
6,2016,85823.2
6,2017,89739.97
6,2018,91325.81
6,2019,98339.09
6,2020,103368.01
6,2021,110974.99
6,2022,114580.86
6,2023,117330.73
6,2024,124838.0
6,2025,128174.7
7,2015,89309.14
7,2016,87743.23
7,2017,88581.97
7,2018,93631.36
7,2019,100171.85
7,2020,107108.1
7,2021,115807.46
7,2022,125029.19
7,2023,135124.21
7,2024,140699.42
7,2025,151969.01
8,2012,93990.55
8,2013,102861.61
8,2014,103540.4
8,2015,106487.72
8,2016,105280.37
8,2017,107031.47
8,2018,110027.46
8,2019,117231.33
8,2020,125237.2
8,2021,133949.38
8,2022,146313.03
8,2023,154529.38
8,2024,163232.03
8,2025,169693.86
9,2014,88690.92
9,2015,89116.07
9,2016,84799.84
9,2017,85882.4
9,2018,89443.09
9,2019,91717.62
9,2020,95472.72
9,2021,103150.15
9,2022,107706.56
9,2023,109520.49
9,2024,115466.56
9,2025,118401.73
10,2010,107287.44
10,2011,119264.59
10,2012,130134.64
10,2013,143485.89
10,2014,150233.23
10,2015,149079.99
10,2016,144802.13
10,2017,148060.86
10,2018,156458.72
10,2019,164907.14
10,2020,172928.4
10,2021,196943.2
10,2022,217663.78
10,2023,231356.87
10,2024,252170.63
10,2025,274865.93
11,2014,90327.98
11,2015,94047.48
11,2016,93978.67
11,2017,96398.0
11,2018,100109.69
11,2019,110571.48
11,2020,118622.59
11,2021,134529.03
11,2022,145614.67
11,2023,151792.26
11,2024,160140.41
11,2025,170148.39
12,2010,92348.51
12,2011,103237.74
12,2012,109652.81
12,2013,116872.03
12,2014,122011.69
12,2015,125491.9
12,2016,124130.56
12,2017,127146.72
12,2018,129973.68
12,2019,135691.86
12,2020,141884.95
12,2021,154656.96
12,2022,165066.57
12,2023,173982.9
12,2024,178666.04
12,2025,184192.29
13,2011,101494.31
13,2012,108413.25
13,2013,114210.3
13,2014,116323.94
13,2015,115413.57
13,2016,111834.84
13,2017,116741.27
13,2018,122150.79
13,2019,129651.79
13,2020,133868.65
13,2021,142857.82
13,2022,150708.29
13,2023,162196.56
13,2024,169474.75
13,2025,175744.9
14,2014,90220.07
14,2015,92069.62
14,2016,90162.29
14,2017,91602.07
14,2018,94393.92
14,2019,102583.59
14,2020,112046.18
14,2021,124562.66
14,2022,132123.31
14,2023,143989.19
14,2024,149603.27
14,2025,163089.0
15,2011,93130.25
15,2012,100170.58
15,2013,108058.58
15,2014,113621.63
15,2015,114346.09
15,2016,111148.93
15,2017,114543.0
15,2018,119575.33
15,2019,127242.57
15,2020,134736.94
15,2021,143891.84
15,2022,152242.67
15,2023,156687.79
15,2024,163267.91
15,2025,169655.25
16,2013,88544.23
16,2014,93259.35
16,2015,94052.83
16,2016,91928.67
16,2017,93388.97
16,2018,98420.65
16,2019,107147.46
16,2020,114124.17
16,2021,123322.68
16,2022,128408.81
16,2023,135015.21
16,2024,141557.6
16,2025,150607.67
17,2015,90777.48
17,2016,88708.85
17,2017,94213.51
17,2018,98158.7
17,2019,105765.93
17,2020,114781.0
17,2021,125248.49
17,2022,134945.66
17,2023,143116.36
17,2024,150927.7
17,2025,157824.28
18,2011,100846.77
18,2012,108179.14
18,2013,114026.44
18,2014,118111.82
18,2015,117922.45
18,2016,114142.7
18,2017,115863.33
18,2018,119593.72
18,2019,128471.46
18,2020,134009.47
18,2021,143866.91
18,2022,155313.28
18,2023,160625.17
18,2024,165924.25
18,2025,172136.04
19,2011,105072.99
19,2012,114832.02
19,2013,123031.08
19,2014,127699.47
19,2015,124559.89
19,2016,119509.17
19,2017,125029.73
19,2018,127540.78
19,2019,132266.81
19,2020,142278.6
19,2021,158595.66
19,2022,170209.87
19,2023,179352.75
19,2024,187821.27
19,2025,195108.99
20,2012,86526.79
20,2013,92218.95
20,2014,96589.65
20,2015,97019.71
20,2016,92097.71
20,2017,94378.23
20,2018,97920.69
20,2019,105214.87
20,2020,109894.48
20,2021,118472.44
20,2022,127351.35
20,2023,130128.87
20,2024,131420.62
20,2025,140407.16
21,2015,79665.45
21,2016,78856.15
21,2017,81388.35
21,2018,85635.49
21,2019,88717.02
21,2020,95182.88
21,2021,102418.33
21,2022,109042.96
21,2023,112501.65
21,2024,114341.77
21,2025,120963.82
22,2010,101089.35
22,2011,109536.35
22,2012,121709.17
22,2013,129023.4
22,2014,131564.63
22,2015,129139.16
22,2016,124776.62
22,2017,128906.43
22,2018,136668.5
22,2019,142598.97
22,2020,155871.49
22,2021,176200.71
22,2022,185440.24
22,2023,197789.61
22,2024,212552.94
22,2025,224031.46
23,2010,94241.8
23,2011,104897.58
23,2012,111322.97
23,2013,116987.16
23,2014,116574.83
23,2015,117609.55
23,2016,114403.36
23,2017,115076.8
23,2018,120930.11
23,2019,129802.16
23,2020,133000.83
23,2021,148194.38
23,2022,156379.78
23,2023,166525.32
23,2024,177355.81
23,2025,179988.04
24,2013,103806.89
24,2014,109807.27
24,2015,108877.34
24,2016,108457.17
24,2017,115169.67
24,2018,119950.51
24,2019,125011.59
24,2020,132250.79
24,2021,147157.48
24,2022,162383.62
24,2023,170880.16
24,2024,180084.39
24,2025,192463.37
25,2014,100820.36
25,2015,104218.84
25,2016,99972.2
25,2017,103951.7
25,2018,108163.15
25,2019,117732.77
25,2020,124778.57
25,2021,139803.84
25,2022,151918.99
25,2023,163364.14
25,2024,167848.12
25,2025,176322.42
26,2010,94813.44
26,2011,104766.76
26,2012,110257.48
26,2013,117668.22
26,2014,120968.72
26,2015,119018.95
26,2016,113789.6
26,2017,114748.73
26,2018,117892.06
26,2019,120823.83
26,2020,130260.87
26,2021,141254.31
26,2022,152994.04
26,2023,154804.13
26,2024,159265.15
26,2025,165040.94
27,2013,103831.16
27,2014,106562.25
27,2015,107766.43
27,2016,105780.65
27,2017,108028.13
27,2018,112534.67
27,2019,118175.27
27,2020,127165.09
27,2021,139941.62
27,2022,147406.68
27,2023,157634.59
27,2024,169928.37
27,2025,183442.64
28,2015,90759.34
28,2016,87620.71
28,2017,89432.36
28,2018,94206.38
28,2019,97484.55
28,2020,100024.57
28,2021,110706.19
28,2022,116158.69
28,2023,119912.94
28,2024,126955.79
28,2025,130190.45
29,2012,105171.06
29,2013,114733.58
29,2014,119410.89
29,2015,120995.75
29,2016,119245.77
29,2017,124023.35
29,2018,130195.21
29,2019,138071.24
29,2020,148018.85
29,2021,161766.65
29,2022,172160.4
29,2023,178827.89
29,2024,190708.75
29,2025,194865.0
30,2013,97821.1
30,2014,103132.68
30,2015,101284.75
30,2016,98550.09
30,2017,99439.57
30,2018,105904.37
30,2019,111840.9
30,2020,119717.01
30,2021,132785.72
30,2022,141641.3
30,2023,152371.29
30,2024,158912.84
30,2025,162599.51
31,2013,98196.88
31,2014,101992.3
31,2015,103765.67
31,2016,102513.07
31,2017,107958.5
31,2018,112906.61
31,2019,117925.46
31,2020,124820.81
31,2021,134797.64
31,2022,143429.43
31,2023,149138.36
31,2024,157374.46
31,2025,169253.75
32,2011,89245.19
32,2012,94852.89
32,2013,104585.63
32,2014,111623.6
32,2015,112324.25
32,2016,108508.16
32,2017,110456.12
32,2018,113755.33
32,2019,122404.9
32,2020,132364.02
32,2021,149832.79
32,2022,159995.77
32,2023,173323.62
32,2024,182183.05
32,2025,197283.85
33,2013,105459.6
33,2014,106149.38
33,2015,109270.3
33,2016,108710.17
33,2017,109659.51
33,2018,117002.36
33,2019,121479.23
33,2020,132506.58
33,2021,144608.64
33,2022,151347.68
33,2023,163780.1
33,2024,174899.46
33,2025,186588.32
34,2015,89704.46
34,2016,87101.32
34,2017,90994.66
34,2018,94779.21
34,2019,99963.79
34,2020,104540.59
34,2021,114595.92
34,2022,120218.95
34,2023,124490.34
34,2024,133343.5
34,2025,142436.27
35,2011,94732.57
35,2012,101821.52
35,2013,108119.29
35,2014,112476.49
35,2015,113297.01
35,2016,106413.16
35,2017,105050.1
35,2018,108556.66
35,2019,112934.92
35,2020,119025.06
35,2021,131222.87
35,2022,135952.82
35,2023,137105.09
35,2024,140743.92
35,2025,145845.43
36,2011,102305.94
36,2012,113782.94
36,2013,121038.18
36,2014,130011.31
36,2015,129803.59
36,2016,131125.57
36,2017,137435.33
36,2018,146065.13
36,2019,159254.43
36,2020,174082.24
36,2021,190578.72
36,2022,210463.05
36,2023,230533.45
36,2024,244798.35
36,2025,259259.75
37,2014,81304.91
37,2015,80016.69
37,2016,76584.03
37,2017,78427.11
37,2018,78823.26
37,2019,82848.77
37,2020,86473.88
37,2021,90776.94
37,2022,94301.44
37,2023,98188.57
37,2024,100139.78
37,2025,103357.16
38,2015,94441.84
38,2016,89577.73
38,2017,89608.79
38,2018,90323.51
38,2019,94389.94
38,2020,96963.28
38,2021,103059.26
38,2022,110480.92
38,2023,111992.57
38,2024,115037.0
38,2025,115786.88
39,2011,103217.31
39,2012,112652.39
39,2013,122560.75
39,2014,127295.37
39,2015,127352.95
39,2016,124273.11
39,2017,126646.42
39,2018,133729.81
39,2019,142691.01
39,2020,153670.07
39,2021,173818.16
39,2022,183491.71
39,2023,194437.25
39,2024,207600.82
39,2025,215372.15
40,2011,85511.51
40,2012,92925.21
40,2013,98817.67
40,2014,101546.29
40,2015,98517.53
40,2016,92659.09
40,2017,96437.3
40,2018,98282.57
40,2019,105288.62
40,2020,108396.03
40,2021,115414.64
40,2022,123383.97
40,2023,130026.23
40,2024,136353.64
40,2025,144797.7
41,2014,99945.48
41,2015,100043.29
41,2016,95381.14
41,2017,95601.78
41,2018,97689.73
41,2019,101140.98
41,2020,105831.87
41,2021,115766.48
41,2022,120937.35
41,2023,124831.53
41,2024,132068.19
41,2025,136904.71
42,2013,90788.53
42,2014,94008.84
42,2015,94728.04
42,2016,90182.48
42,2017,90483.79
42,2018,92702.32
42,2019,94953.87
42,2020,101928.22
42,2021,112388.44
42,2022,115797.66
42,2023,121242.47
42,2024,126485.55
42,2025,133450.08
43,2014,100466.11
43,2015,99996.34
43,2016,96816.64
43,2017,101361.28
43,2018,105627.28
43,2019,113674.35
43,2020,125020.48
43,2021,137522.8
43,2022,150829.88
43,2023,160594.39
43,2024,172352.5
43,2025,185767.86
44,2015,94283.96
44,2016,93375.73
44,2017,95792.66
44,2018,98450.02
44,2019,105138.51
44,2020,110000.91
44,2021,123763.14
44,2022,136434.07
44,2023,148011.26
44,2024,155891.28
44,2025,167708.66
45,2015,92701.64
45,2016,92134.35
45,2017,92693.07
45,2018,94373.25
45,2019,98317.54
45,2020,105342.02
45,2021,113161.17
45,2022,118867.09
45,2023,123496.3
45,2024,129370.19
45,2025,132926.34
46,2012,105146.78
46,2013,114672.02
46,2014,120232.56
46,2015,120606.44
46,2016,112808.58
46,2017,115593.38
46,2018,119295.09
46,2019,122175.91
46,2020,130305.04
46,2021,142279.11
46,2022,149131.61
46,2023,155925.19
46,2024,163982.51
46,2025,170426.29
47,2012,91617.35
47,2013,96574.92
47,2014,102138.46
47,2015,102528.19
47,2016,98187.03
47,2017,101990.82
47,2018,105181.94
47,2019,110778.83
47,2020,119608.01
47,2021,128374.01
47,2022,140867.24
47,2023,148158.69
47,2024,153076.85
47,2025,162888.35
48,2011,98592.81
48,2012,108225.63
48,2013,112835.25
48,2014,119202.11
48,2015,119887.08
48,2016,112634.12
48,2017,114917.22
48,2018,118729.42
48,2019,125248.31
48,2020,133340.55
48,2021,147357.18
48,2022,153122.12
48,2023,163739.78
48,2024,172204.65
48,2025,178496.56
49,2010,103263.24
49,2011,116124.08
49,2012,127284.39
49,2013,138396.93
49,2014,139104.37
49,2015,141222.79
49,2016,137485.74
49,2017,140834.95
49,2018,143821.91
49,2019,154780.37
49,2020,164356.7
49,2021,176547.15
49,2022,187341.76
49,2023,197178.68
49,2024,200760.23
49,2025,213224.79
50,2013,97341.85
50,2014,98641.87
50,2015,96610.25
50,2016,95725.5
50,2017,100435.92
50,2018,107494.12
50,2019,112686.27
50,2020,119925.49
50,2021,132031.97
50,2022,143799.67
50,2023,152894.05
50,2024,160452.59
50,2025,167463.07
51,2014,89112.2
51,2015,89092.82
51,2016,85935.31
51,2017,84754.47
51,2018,88218.44
51,2019,91102.89
51,2020,92730.52
51,2021,98524.04
51,2022,100920.36
51,2023,105010.81
51,2024,108731.83
51,2025,112863.38
52,2010,91868.28
52,2011,101945.91
52,2012,112595.86
52,2013,124212.22
52,2014,129473.68
52,2015,129323.61
52,2016,127924.71
52,2017,132642.44
52,2018,137959.75
52,2019,148982.4
52,2020,159054.97
52,2021,179362.84
52,2022,191969.15
52,2023,201914.74
52,2024,209145.94
52,2025,219841.55
53,2014,91626.88
53,2015,92963.35
53,2016,88097.39
53,2017,89870.86
53,2018,92835.27
53,2019,95865.07
53,2020,103896.87
53,2021,113292.52
53,2022,122428.64
53,2023,125557.33
53,2024,127948.01
53,2025,133490.7
54,2011,111293.38
54,2012,121216.94
54,2013,127805.47
54,2014,129428.96
54,2015,130775.77
54,2016,128659.32
54,2017,135532.26
54,2018,145394.44
54,2019,150844.63
54,2020,160141.69
54,2021,179374.45
54,2022,195168.68
54,2023,207384.97
54,2024,224590.98
54,2025,233939.74
55,2013,100486.76
55,2014,103988.18
55,2015,101255.65
55,2016,96247.13
55,2017,97099.66
55,2018,98662.9
55,2019,101936.29
55,2020,105989.53
55,2021,114228.46
55,2022,123129.27
55,2023,127695.98
55,2024,136182.15
55,2025,143905.74
56,2011,102709.13
56,2012,111441.4
56,2013,118710.43
56,2014,119310.52
56,2015,115392.2
56,2016,110931.39
56,2017,116084.18
56,2018,119954.03
56,2019,129319.68
56,2020,136150.1
56,2021,148238.22
56,2022,160626.97
56,2023,169892.49
56,2024,178160.53
56,2025,184340.43
57,2014,102135.13
57,2015,104470.98
57,2016,102459.0
57,2017,104611.83
57,2018,109720.82
57,2019,116292.37
57,2020,126165.26
57,2021,140714.95
57,2022,155718.94
57,2023,168167.08
57,2024,176063.51
57,2025,184493.28
58,2011,91473.48
58,2012,98967.01
58,2013,109425.81
58,2014,111714.31
58,2015,116025.19
58,2016,111430.17
58,2017,117448.56
58,2018,120285.91
58,2019,130146.7
58,2020,142508.45
58,2021,154981.81
58,2022,169553.55
58,2023,183202.3
58,2024,188543.06
58,2025,203537.59
59,2013,93849.6
59,2014,97951.23
59,2015,96139.46
59,2016,92502.57
59,2017,94122.68
59,2018,96587.93
59,2019,102202.85
59,2020,107867.36
59,2021,118254.16
59,2022,127293.17
59,2023,134925.15
59,2024,141869.04
59,2025,153001.63
60,2012,95576.11
60,2013,101506.96
60,2014,101337.61
60,2015,103775.61
60,2016,101585.82
60,2017,106044.54
60,2018,110856.04
60,2019,119769.88
60,2020,123622.5
60,2021,133146.65
60,2022,142898.67
60,2023,146871.49
60,2024,154062.81
60,2025,161712.7
61,2010,98367.9
61,2011,109475.46
61,2012,121345.66
61,2013,128632.65
61,2014,134691.19
61,2015,131392.5
61,2016,124286.41
61,2017,125737.26
61,2018,132999.14
61,2019,141274.97
61,2020,151173.35
61,2021,163057.11
61,2022,172678.83
61,2023,181106.44
61,2024,191280.28
61,2025,202850.32
62,2011,87727.54
62,2012,97823.35
62,2013,105054.65
62,2014,107350.26
62,2015,110483.32
62,2016,104953.85
62,2017,110519.81
62,2018,117322.56
62,2019,123710.16
62,2020,130413.86
62,2021,145698.95
62,2022,156280.77
62,2023,163582.1
62,2024,167845.06
62,2025,179121.03
63,2011,91695.06
63,2012,97934.89
63,2013,103462.01
63,2014,109211.64
63,2015,107476.02
63,2016,104701.57
63,2017,106640.13
63,2018,114589.75
63,2019,125835.64
63,2020,136762.46
63,2021,151793.74
63,2022,164434.47
63,2023,173392.97
63,2024,182857.61
63,2025,193899.35
64,2011,89732.29
64,2012,96785.7
64,2013,100825.42
64,2014,103765.91
64,2015,102031.73
64,2016,99444.61
64,2017,103595.35
64,2018,106736.13
64,2019,111530.53
64,2020,113702.22
64,2021,121506.29
64,2022,126811.47
64,2023,133614.51
64,2024,140771.33
64,2025,146979.63
65,2015,85583.98
65,2016,83616.75
65,2017,85715.61
65,2018,88250.03
65,2019,91813.77
65,2020,98593.93
65,2021,108405.73
65,2022,119172.17
65,2023,124490.29
65,2024,129908.24
65,2025,136067.68
66,2011,98953.72
66,2012,105399.41
66,2013,111852.74
66,2014,112219.31
66,2015,112574.82
66,2016,110507.66
66,2017,115709.73
66,2018,120564.14
66,2019,128120.1
66,2020,133398.12
66,2021,143171.22
66,2022,148494.05
66,2023,153991.25
66,2024,156683.66
66,2025,162319.41
67,2014,86141.09
67,2015,86110.16
67,2016,82784.85
67,2017,84734.73
67,2018,88224.61
67,2019,95273.3
67,2020,102956.75
67,2021,110343.11
67,2022,115040.75
67,2023,118992.56
67,2024,121685.2
67,2025,129665.34
68,2010,103140.15
68,2011,117708.21
68,2012,132154.51
68,2013,143312.61
68,2014,147072.19
68,2015,148158.94
68,2016,146513.73
68,2017,154240.5
68,2018,162367.63
68,2019,174293.32
68,2020,189389.43
68,2021,209688.07
68,2022,222646.02
68,2023,238263.56
68,2024,256932.84
68,2025,269135.33
69,2015,86331.05
69,2016,83213.75
69,2017,85383.43
69,2018,91376.29
69,2019,98054.45
69,2020,106443.75
69,2021,117670.06
69,2022,126802.37
69,2023,135143.96
69,2024,140803.25
69,2025,149539.74
70,2014,89841.88
70,2015,90998.61
70,2016,90689.93
70,2017,95691.81
70,2018,100536.23
70,2019,105870.44
70,2020,112806.44
70,2021,126423.04
70,2022,137419.49
70,2023,143888.26
70,2024,155268.57
70,2025,160267.44
71,2010,99814.97
71,2011,112615.83
71,2012,119151.86
71,2013,130408.5
71,2014,131552.03
71,2015,134218.06
71,2016,128177.36
71,2017,133946.64
71,2018,141540.24
71,2019,153260.91
71,2020,163655.13
71,2021,178946.79
71,2022,192534.25
71,2023,206110.27
71,2024,219840.2
71,2025,235182.32
72,2012,104344.83
72,2013,112034.26
72,2014,116150.08
72,2015,113926.41
72,2016,113965.23
72,2017,115960.93
72,2018,121632.27
72,2019,132273.75
72,2020,140378.11
72,2021,157357.91
72,2022,171059.37
72,2023,176320.58
72,2024,187253.93
72,2025,195747.19
73,2011,103664.54
73,2012,111943.06
73,2013,122276.46
73,2014,128905.22
73,2015,127605.09
73,2016,122701.9
73,2017,126441.75
73,2018,131574.85
73,2019,143700.58
73,2020,153065.08
73,2021,166332.55
73,2022,180854.25
73,2023,193783.53
73,2024,203610.88
73,2025,211020.71
74,2013,97293.56
74,2014,102416.91
74,2015,102470.54
74,2016,101670.13
74,2017,106472.58
74,2018,114221.89
74,2019,121443.78
74,2020,129372.53
74,2021,143275.63
74,2022,157015.12
74,2023,169427.38
74,2024,174203.74
74,2025,188939.67
75,2010,98880.54
75,2011,111374.22
75,2012,123828.71
75,2013,136000.63
75,2014,140568.7
75,2015,145859.75
75,2016,145843.93
75,2017,151449.63
75,2018,157918.82
75,2019,166787.65
75,2020,178803.59
75,2021,193748.7
75,2022,212756.69
75,2023,229504.8
75,2024,247739.41
75,2025,266368.52
76,2014,94437.62
76,2015,94543.71
76,2016,93088.0
76,2017,92504.36
76,2018,98342.24
76,2019,101550.57
76,2020,106688.6
76,2021,119412.13
76,2022,126174.33
76,2023,135657.96
76,2024,144389.88
76,2025,153975.92
77,2013,98911.99
77,2014,105221.7
77,2015,108772.75
77,2016,104160.9
77,2017,107491.92
77,2018,110704.68
77,2019,119629.21
77,2020,129168.37
77,2021,139560.68
77,2022,151576.49
77,2023,163184.3
77,2024,175050.52
77,2025,184996.01
78,2012,90487.24
78,2013,94348.03
78,2014,95190.65
78,2015,92394.79
78,2016,89846.68
78,2017,92211.45
78,2018,95572.3
78,2019,98059.94
78,2020,102592.18
78,2021,109710.43
78,2022,119033.79
78,2023,126111.92
78,2024,131265.45
78,2025,135150.63
79,2014,90995.72
79,2015,92006.69
79,2016,86467.22
79,2017,87678.37
79,2018,89826.36
79,2019,93896.25
79,2020,100582.3
79,2021,111788.99
79,2022,119463.94
79,2023,126064.27
79,2024,127716.64
79,2025,133650.18
80,2011,105800.11
80,2012,110144.93
80,2013,114773.99
80,2014,113960.13
80,2015,113373.09
80,2016,110651.49
80,2017,112434.96
80,2018,114715.85
80,2019,117306.11
80,2020,124743.35
80,2021,131547.98
80,2022,134803.87
80,2023,140953.87
80,2024,143391.64
80,2025,147065.98
81,2015,97758.01
81,2016,93502.4
81,2017,97114.45
81,2018,99972.85
81,2019,106611.55
81,2020,114466.21
81,2021,124086.35
81,2022,135829.62
81,2023,139120.87
81,2024,148557.01
81,2025,159432.99
82,2010,105137.01
82,2011,118524.05
82,2012,127832.71
82,2013,138118.22
82,2014,145700.34
82,2015,150505.64
82,2016,151171.98
82,2017,155633.65
82,2018,163866.1
82,2019,173699.71
82,2020,188271.32
82,2021,204539.66
82,2022,226360.88
82,2023,235086.03
82,2024,247749.79
82,2025,261338.74
83,2012,93267.14
83,2013,101259.58
83,2014,103262.24
83,2015,102966.29
83,2016,97361.52
83,2017,99485.38
83,2018,106189.23
83,2019,109197.0
83,2020,115666.54
83,2021,122765.68
83,2022,128254.0
83,2023,137433.91
83,2024,146713.93
83,2025,152309.55
84,2014,102118.31
84,2015,104805.08
84,2016,104849.86
84,2017,108851.76
84,2018,114455.43
84,2019,123792.4
84,2020,133134.28
84,2021,144971.13
84,2022,153086.16
84,2023,159234.5
84,2024,172778.7
84,2025,188660.51
85,2012,97373.39
85,2013,103893.58
85,2014,108227.18
85,2015,110623.98
85,2016,109096.38
85,2017,113912.19
85,2018,118326.67
85,2019,125685.91
85,2020,137401.14
85,2021,149336.71
85,2022,158062.43
85,2023,171292.09
85,2024,176355.81
85,2025,187466.04
86,2012,101482.29
86,2013,111236.82
86,2014,117333.58
86,2015,116828.03
86,2016,111776.45
86,2017,114301.05
86,2018,117687.13
86,2019,126458.34
86,2020,134754.89
86,2021,149898.87
86,2022,165175.29
86,2023,173859.57
86,2024,183198.41
86,2025,197863.03
87,2010,93146.86
87,2011,103401.4
87,2012,108520.05
87,2013,117869.0
87,2014,119215.81
87,2015,117655.52
87,2016,113353.09
87,2017,114047.99
87,2018,121283.9
87,2019,128366.53
87,2020,134858.48
87,2021,146725.38
87,2022,151404.08
87,2023,161182.19
87,2024,163989.28
87,2025,167351.01
88,2015,88093.05
88,2016,88239.01
88,2017,92368.65
88,2018,94942.33
88,2019,102650.88
88,2020,106444.74
88,2021,119736.46
88,2022,125160.32
88,2023,129137.94
88,2024,134980.31
88,2025,146085.78
89,2011,97044.36
89,2012,107994.84
89,2013,113078.96
89,2014,118994.42
89,2015,120992.79
89,2016,119074.19
89,2017,121053.72
89,2018,125004.79
89,2019,136067.27
89,2020,143251.73
89,2021,160400.12
89,2022,172534.92
89,2023,178226.04
89,2024,189026.94
89,2025,194134.73
90,2012,92614.7
90,2013,98755.25
90,2014,98486.77
90,2015,97345.12
90,2016,96159.47
90,2017,100536.2
90,2018,106020.94
90,2019,110536.05
90,2020,113762.36
90,2021,123768.11
90,2022,130438.75
90,2023,134836.75
90,2024,142613.21
90,2025,150975.44
91,2010,103396.92
91,2011,111359.54
91,2012,121329.65
91,2013,131135.87
91,2014,134634.42
91,2015,133813.2
91,2016,127603.5
91,2017,131037.53
91,2018,131401.45
91,2019,140006.8
91,2020,141552.38
91,2021,152684.2
91,2022,161160.86
91,2023,168159.91
91,2024,167618.16
91,2025,170964.19
92,2015,97924.78
92,2016,92615.02
92,2017,95008.04
92,2018,96394.57
92,2019,98732.79
92,2020,105742.0
92,2021,113539.12
92,2022,122330.71
92,2023,129985.53
92,2024,130914.29
92,2025,133408.3
93,2013,87394.81
93,2014,89039.06
93,2015,91308.03
93,2016,88603.86
93,2017,93715.25
93,2018,98030.9
93,2019,105796.81
93,2020,113123.35
93,2021,124579.8
93,2022,134595.27
93,2023,141363.04
93,2024,149352.38
93,2025,153593.7
94,2010,104787.68
94,2011,113878.67
94,2012,122159.92
94,2013,133888.55
94,2014,141880.12
94,2015,141529.64
94,2016,140781.61
94,2017,143981.36
94,2018,150447.38
94,2019,157602.92
94,2020,171821.54
94,2021,185277.75
94,2022,201502.5
94,2023,208023.05
94,2024,213544.44
94,2025,224400.0
95,2013,100685.18
95,2014,100702.28
95,2015,99116.21
95,2016,97116.13
95,2017,98967.98
95,2018,102366.94
95,2019,109890.3
95,2020,112948.54
95,2021,125079.68
95,2022,131135.28
95,2023,138597.35
95,2024,144862.07
95,2025,148565.09
96,2011,93233.86
96,2012,99286.49
96,2013,108065.91
96,2014,114877.27
96,2015,114708.08
96,2016,108804.94
96,2017,111186.01
96,2018,118718.71
96,2019,124034.59
96,2020,135387.54
96,2021,151935.2
96,2022,163409.09
96,2023,173152.94
96,2024,177773.74
96,2025,183244.83
97,2010,100960.59
97,2011,110148.11
97,2012,117166.69
97,2013,128486.54
97,2014,131347.04
97,2015,130117.7
97,2016,126687.23
97,2017,132911.43
97,2018,143384.55
97,2019,149605.64
97,2020,160612.4
97,2021,181491.06
97,2022,190685.45
97,2023,207933.14
97,2024,215599.16
97,2025,230134.93
98,2013,102767.88
98,2014,104170.09
98,2015,107169.05
98,2016,106883.33
98,2017,108433.68
98,2018,116921.87
98,2019,121666.95
98,2020,132988.38
98,2021,146305.53
98,2022,159301.41
98,2023,168794.0
98,2024,176755.42
98,2025,186204.93
99,2014,91875.5
99,2015,94342.43
99,2016,90540.39
99,2017,93103.96
99,2018,95437.25
99,2019,102002.52
99,2020,109043.07
99,2021,120752.67
99,2022,129168.47
99,2023,139138.73
99,2024,145726.19
99,2025,149737.22
100,2015,82311.84
100,2016,80431.4
100,2017,84365.51
100,2018,90505.22
100,2019,95545.81
100,2020,105143.38
100,2021,116705.76
100,2022,122509.87
100,2023,129366.89
100,2024,138449.09
100,2025,146734.19
101,2011,141560.99
101,2012,149605.68
101,2013,159842.47
101,2014,161035.07
101,2015,153571.19
101,2016,143992.78
101,2017,148189.62
101,2018,149334.78
101,2019,159394.44
101,2020,167685.99
101,2021,187509.57
101,2022,198854.79
101,2023,207447.27
101,2024,214906.98
101,2025,217253.9
102,2010,156102.39
102,2011,168284.06
102,2012,176539.33
102,2013,187998.05
102,2014,194397.33
102,2015,190518.73
102,2016,186767.04
102,2017,195841.56
102,2018,203461.95
102,2019,218941.67
102,2020,231392.54
102,2021,260134.18
102,2022,283571.29
102,2023,292244.75
102,2024,296193.94
102,2025,300469.55
103,2010,155516.69
103,2011,170553.91
103,2012,184553.0
103,2013,200626.32
103,2014,204571.79
103,2015,200865.68
103,2016,191824.95
103,2017,203453.63
103,2018,216997.8
103,2019,233868.48
103,2020,258140.83
103,2021,287214.4
103,2022,302476.14
103,2023,312893.91
103,2024,317490.42
103,2025,331286.86
104,2010,136862.93
104,2011,149761.49
104,2012,158281.49
104,2013,169698.99
104,2014,176037.52
104,2015,168761.89
104,2016,159904.02
104,2017,166662.31
104,2018,176472.47
104,2019,180548.13
104,2020,188641.34
104,2021,209916.51
104,2022,218628.65
104,2023,225016.77
104,2024,232509.36
104,2025,237077.77
105,2013,133170.41
105,2014,140419.83
105,2015,140581.71
105,2016,139910.58
105,2017,145159.03
105,2018,152319.09
105,2019,167744.97
105,2020,185040.17
105,2021,207228.6
105,2022,226824.06
105,2023,243834.92
105,2024,254553.22
105,2025,270688.31
106,2012,155173.02
106,2013,168062.02
106,2014,171454.75
106,2015,163573.66
106,2016,158862.24
106,2017,164801.54
106,2018,168735.76
106,2019,178515.94
106,2020,187090.79
106,2021,201227.7
106,2022,206763.79
106,2023,218980.29
106,2024,225657.07
106,2025,235405.53
107,2012,123765.73
107,2013,131851.97
107,2014,131310.02
107,2015,125180.14
107,2016,122850.98
107,2017,126143.64
107,2018,131334.23
107,2019,134193.16
107,2020,142477.47
107,2021,154783.16
107,2022,159995.03
107,2023,166294.42
107,2024,169103.36
107,2025,174502.17
108,2010,167589.82
108,2011,190057.7
108,2012,208376.95
108,2013,228848.59
108,2014,235327.24
108,2015,225468.96
108,2016,218399.64
108,2017,230391.91
108,2018,241219.94
108,2019,261951.11
108,2020,287723.92
108,2021,314363.74
108,2022,339040.32
108,2023,361736.7
108,2024,372914.55
108,2025,388500.92
109,2014,136927.36
109,2015,132997.32
109,2016,129191.72
109,2017,136406.77
109,2018,145422.34
109,2019,155050.04
109,2020,169540.66
109,2021,185822.37
109,2022,199216.62
109,2023,215655.08
109,2024,219046.25
109,2025,221446.91
110,2014,145298.26
110,2015,139560.14
110,2016,135844.15
110,2017,144456.0
110,2018,149139.8
110,2019,155108.67
110,2020,171933.79
110,2021,196895.44
110,2022,210536.5
110,2023,231101.78
110,2024,247582.53
110,2025,261453.39
111,2010,148965.36
111,2011,163144.35
111,2012,173557.1
111,2013,182536.62
111,2014,179356.5
111,2015,170117.88
111,2016,167690.12
111,2017,169212.07
111,2018,174358.86
111,2019,185771.73
111,2020,196689.65
111,2021,216463.87
111,2022,225392.51
111,2023,229611.58
111,2024,233215.19
111,2025,238144.12
112,2014,126404.74
112,2015,118099.28
112,2016,109819.82
112,2017,108960.69
112,2018,114300.12
112,2019,119995.38
112,2020,126905.04
112,2021,135676.53
112,2022,140862.2
112,2023,148420.2
112,2024,156307.8
112,2025,159272.83
113,2012,125649.85
113,2013,134794.48
113,2014,135821.82
113,2015,133420.1
113,2016,125837.21
113,2017,128735.39
113,2018,131364.31
113,2019,135592.01
113,2020,142269.89
113,2021,152526.73
113,2022,156504.73
113,2023,162662.92
113,2024,163951.9
113,2025,170244.32
114,2010,162037.56
114,2011,173742.0
114,2012,187011.48
114,2013,194246.63
114,2014,199423.94
114,2015,196296.03
114,2016,188307.62
114,2017,195295.08
114,2018,198814.34
114,2019,202945.87
114,2020,214471.05
114,2021,235801.09
114,2022,256679.24
114,2023,272436.24
114,2024,287556.97
114,2025,296102.53
115,2012,141292.42
115,2013,150620.15
115,2014,154453.9
115,2015,154803.1
115,2016,147333.66
115,2017,153402.69
115,2018,161161.56
115,2019,171896.68
115,2020,190414.83
115,2021,207960.82
115,2022,229330.66
115,2023,243619.39
115,2024,261029.38
115,2025,266402.62
116,2013,125081.53
116,2014,127949.45
116,2015,123239.0
116,2016,118798.35
116,2017,125630.05
116,2018,130816.64
116,2019,142757.01
116,2020,152355.39
116,2021,171948.62
116,2022,184774.04
116,2023,201143.17
116,2024,215738.28
116,2025,221212.98
117,2014,149074.06
117,2015,148380.52
117,2016,150200.04
117,2017,157604.98
117,2018,171127.36
117,2019,178702.07
117,2020,196927.5
117,2021,222479.6
117,2022,245596.31
117,2023,258690.26
117,2024,267666.49
117,2025,282589.05
118,2012,148523.55
118,2013,160936.55
118,2014,158583.19
118,2015,148269.34
118,2016,144419.94
118,2017,148992.84
118,2018,156325.97
118,2019,166132.29
118,2020,179262.83
118,2021,193020.8
118,2022,205121.46
118,2023,214820.67
118,2024,219225.14
118,2025,218893.43
119,2015,113740.16
119,2016,111324.29
119,2017,115751.43
119,2018,119880.59
119,2019,125643.17
119,2020,137390.88
119,2021,153428.53
119,2022,159682.45
119,2023,168605.01
119,2024,172421.43
119,2025,176714.96
120,2011,154561.29
120,2012,170111.0
120,2013,182009.08
120,2014,192117.07
120,2015,193215.7
120,2016,192047.95
120,2017,205197.28
120,2018,212676.08
120,2019,224065.02
120,2020,245706.67
120,2021,278371.19
120,2022,297371.64
120,2023,321842.88
120,2024,339228.5
120,2025,345711.88
121,2010,147406.14
121,2011,167390.13
121,2012,180215.0
121,2013,194551.77
121,2014,201391.22
121,2015,196529.45
121,2016,187771.59
121,2017,198438.64
121,2018,203579.48
121,2019,219315.35
121,2020,235844.31
121,2021,267100.82
121,2022,288378.3
121,2023,309108.14
121,2024,317560.53
121,2025,338349.87
122,2013,133433.58
122,2014,132315.74
122,2015,124298.56
122,2016,116728.61
122,2017,118472.73
122,2018,120595.3
122,2019,125518.35
122,2020,133428.03
122,2021,145905.66
122,2022,158685.27
122,2023,168624.4
122,2024,171227.37
122,2025,175727.59
123,2015,140205.25
123,2016,142798.53
123,2017,149452.1
123,2018,158994.54
123,2019,169198.29
123,2020,187847.71
123,2021,208514.51
123,2022,230795.51
123,2023,242793.96
123,2024,249438.56
123,2025,255608.17
124,2014,133146.77
124,2015,133707.89
124,2016,129552.81
124,2017,132998.94
124,2018,138249.24
124,2019,145317.32
124,2020,159014.68
124,2021,178175.34
124,2022,196720.09
124,2023,216351.21
124,2024,229733.01
124,2025,240163.06
125,2011,155300.33
125,2012,160918.85
125,2013,172527.21
125,2014,171007.42
125,2015,164769.94
125,2016,161844.51
125,2017,166001.27
125,2018,172331.15
125,2019,176612.64
125,2020,190475.32
125,2021,211502.74
125,2022,221939.04
125,2023,227366.86
125,2024,229333.34
125,2025,233413.92
126,2013,149651.52
126,2014,152410.2
126,2015,142208.67
126,2016,140961.62
126,2017,147517.51
126,2018,155119.41
126,2019,162504.52
126,2020,173228.1
126,2021,187408.53
126,2022,200240.11
126,2023,209424.75
126,2024,212837.79
126,2025,214698.83
127,2013,139404.78
127,2014,143639.61
127,2015,143983.14
127,2016,146689.5
127,2017,155198.54
127,2018,161852.07
127,2019,174049.14
127,2020,187134.36
127,2021,205605.6
127,2022,228066.5
127,2023,249953.03
127,2024,262642.17
127,2025,273602.25
128,2013,133088.19
128,2014,133526.34
128,2015,130971.56
128,2016,126702.06
128,2017,134473.19
128,2018,140369.22
128,2019,151111.08
128,2020,163765.79
128,2021,187181.76
128,2022,204919.96
128,2023,216386.02
128,2024,228789.79
128,2025,240626.0
129,2012,160279.73
129,2013,170253.97
129,2014,177711.93
129,2015,170271.89
129,2016,162316.24
129,2017,162757.48
129,2018,170020.75
129,2019,178762.65
129,2020,188056.54
129,2021,206325.5
129,2022,221977.11
129,2023,236289.09
129,2024,244243.08
129,2025,256678.09
130,2012,145951.37
130,2013,160380.35
130,2014,166447.68
130,2015,159982.8
130,2016,153561.85
130,2017,162162.1
130,2018,168907.69
130,2019,182814.27
130,2020,195220.78
130,2021,217716.75
130,2022,233050.4
130,2023,242193.13
130,2024,245714.82
130,2025,256874.88
131,2013,159466.98
131,2014,164283.54
131,2015,159446.65
131,2016,151878.94
131,2017,152685.14
131,2018,160565.42
131,2019,169446.63
131,2020,180418.22
131,2021,203286.27
131,2022,212647.68
131,2023,230957.64
131,2024,237027.3
131,2025,251482.75
132,2014,150037.89
132,2015,152051.91
132,2016,146191.6
132,2017,155235.43
132,2018,160449.92
132,2019,166927.36
132,2020,178932.92
132,2021,205003.03
132,2022,218903.99
132,2023,228107.72
132,2024,238336.85
132,2025,244609.37
133,2011,151961.14
133,2012,165267.33
133,2013,175314.29
133,2014,184444.22
133,2015,184630.44
133,2016,177361.43
133,2017,183771.61
133,2018,192690.79
133,2019,204495.66
133,2020,220979.46
133,2021,240155.93
133,2022,259615.92
133,2023,281009.15
133,2024,302007.37
133,2025,322325.01
134,2013,138805.17
134,2014,145027.37
134,2015,139704.79
134,2016,134272.02
134,2017,142615.06
134,2018,148939.38
134,2019,163258.55
134,2020,176105.14
134,2021,193832.19
134,2022,210735.11
134,2023,224418.3
134,2024,231069.48
134,2025,236730.22
135,2013,141659.58
135,2014,142611.59
135,2015,136884.56
135,2016,131232.89
135,2017,132615.97
135,2018,137705.27
135,2019,140176.96
135,2020,152250.6
135,2021,166000.35
135,2022,177356.54
135,2023,181410.35
135,2024,189852.08
135,2025,196852.95
136,2011,130658.65
136,2012,140176.56
136,2013,156546.23
136,2014,160309.01
136,2015,154207.53
136,2016,152594.99
136,2017,156243.38
136,2018,167467.28
136,2019,182447.14
136,2020,197202.48
136,2021,223098.82
136,2022,245783.21
136,2023,266023.93
136,2024,281920.36
136,2025,288413.71
137,2013,157029.68
137,2014,165435.79
137,2015,158076.97
137,2016,151471.32
137,2017,156799.79
137,2018,161281.94
137,2019,169198.64
137,2020,184845.31
137,2021,202817.63
137,2022,220776.74
137,2023,229060.75
137,2024,238537.57
137,2025,242882.22
138,2015,139128.9
138,2016,134653.53
138,2017,138661.19
138,2018,142196.92
138,2019,151729.67
138,2020,160872.62
138,2021,177146.68
138,2022,184864.27
138,2023,196556.83
138,2024,201507.02
138,2025,207128.07
139,2013,147538.73
139,2014,152681.16
139,2015,151553.09
139,2016,144633.24
139,2017,146760.01
139,2018,148578.64
139,2019,155771.35
139,2020,169258.72
139,2021,187503.38
139,2022,198349.24
139,2023,204822.19
139,2024,204511.92
139,2025,204326.86
140,2012,138163.47
140,2013,148019.4
140,2014,151011.03
140,2015,150526.47
140,2016,148304.19
140,2017,148337.13
140,2018,156018.62
140,2019,167783.76
140,2020,180572.79
140,2021,198540.57
140,2022,217052.72
140,2023,225737.29
140,2024,227165.08
140,2025,238102.09
141,2015,146982.17
141,2016,148628.37
141,2017,154414.78
141,2018,165312.67
141,2019,176600.47
141,2020,188276.78
141,2021,215534.37
141,2022,239161.51
141,2023,250245.25
141,2024,258559.37
141,2025,274017.82
142,2011,157607.6
142,2012,175804.67
142,2013,196442.63
142,2014,202309.08
142,2015,203726.97
142,2016,200471.9
142,2017,208387.04
142,2018,216388.97
142,2019,231176.31
142,2020,251555.74
142,2021,288142.46
142,2022,316725.56
142,2023,340815.24
142,2024,358477.86
142,2025,385622.65
143,2013,137347.94
143,2014,139781.13
143,2015,140145.84
143,2016,142466.54
143,2017,151809.52
143,2018,156939.51
143,2019,171848.04
143,2020,186579.46
143,2021,209983.22
143,2022,226801.51
143,2023,244955.43
143,2024,261923.51
143,2025,276391.23
144,2015,114671.54
144,2016,112752.18
144,2017,116287.63
144,2018,122552.65
144,2019,127712.92
144,2020,135228.88
144,2021,151098.66
144,2022,159113.68
144,2023,162290.22
144,2024,167908.49
144,2025,166581.43
145,2010,124970.69
145,2011,137599.49
145,2012,149378.53
145,2013,161734.01
145,2014,162769.74
145,2015,162699.77
145,2016,161602.15
145,2017,166331.47
145,2018,174991.34
145,2019,185598.64
145,2020,197835.89
145,2021,221199.99
145,2022,235781.37
145,2023,251434.07
145,2024,262548.58
145,2025,265351.07
146,2011,149290.95
146,2012,163281.02
146,2013,175569.7
146,2014,174316.75
146,2015,173878.65
146,2016,168731.69
146,2017,173030.39
146,2018,179903.08
146,2019,185776.2
146,2020,201427.63
146,2021,220147.78
146,2022,232488.68
146,2023,242358.58
146,2024,250922.56
146,2025,259450.08
147,2011,157710.15
147,2012,171401.37
147,2013,178397.28
147,2014,181325.88
147,2015,176503.8
147,2016,166433.6
147,2017,170565.57
147,2018,175091.22
147,2019,188951.79
147,2020,204347.1
147,2021,219134.76
147,2022,231846.78
147,2023,237762.06
147,2024,246194.56
147,2025,258038.85
148,2013,124434.28
148,2014,129953.57
148,2015,126584.75
148,2016,125049.5
148,2017,128233.15
148,2018,133829.92
148,2019,139784.58
148,2020,147334.95
148,2021,164664.18
148,2022,177771.29
148,2023,190361.56
148,2024,194023.84
148,2025,202056.41
149,2015,118498.17
149,2016,118292.52
149,2017,122351.95
149,2018,128753.57
149,2019,134388.86
149,2020,147007.66
149,2021,160095.92
149,2022,171736.82
149,2023,185301.19
149,2024,197922.98
149,2025,207624.44
150,2013,148429.73
150,2014,147976.16
150,2015,147034.6
150,2016,142331.02
150,2017,148740.12
150,2018,156611.46
150,2019,163764.6
150,2020,172414.72
150,2021,186872.48
150,2022,194692.8
150,2023,209352.29
150,2024,212755.43
150,2025,223143.89
151,2013,153100.5
151,2014,155005.21
151,2015,152967.42
151,2016,144226.11
151,2017,149319.26
151,2018,156829.71
151,2019,161552.63
151,2020,176523.44
151,2021,194377.47
151,2022,208287.64
151,2023,219955.01
151,2024,233757.52
151,2025,234041.58
152,2015,146843.32
152,2016,143386.43
152,2017,147184.42
152,2018,154290.0
152,2019,166846.75
152,2020,181734.14
152,2021,205634.03
152,2022,222272.44
152,2023,231026.16
152,2024,244202.71
152,2025,246734.64
153,2013,150621.58
153,2014,154678.5
153,2015,148357.57
153,2016,147074.06
153,2017,150138.95
153,2018,156881.55
153,2019,166713.74
153,2020,175459.11
153,2021,192298.18
153,2022,202908.27
153,2023,211392.73
153,2024,222302.29
153,2025,224001.95
154,2014,121424.79
154,2015,121936.07
154,2016,119546.46
154,2017,126420.82
154,2018,133050.05
154,2019,139856.42
154,2020,152859.17
154,2021,170669.43
154,2022,180712.35
154,2023,189376.89
154,2024,200243.95
154,2025,210606.9
155,2010,165746.05
155,2011,178993.36
155,2012,194388.61
155,2013,213865.74
155,2014,215156.12
155,2015,210244.95
155,2016,206350.73
155,2017,215252.78
155,2018,227913.08
155,2019,241510.06
155,2020,260186.38
155,2021,294910.77
155,2022,319096.73
155,2023,341247.92
155,2024,362320.73
155,2025,375432.78
156,2014,144640.93
156,2015,142611.27
156,2016,136911.29
156,2017,140047.57
156,2018,147333.08
156,2019,153978.64
156,2020,163488.26
156,2021,181295.07
156,2022,199884.28
156,2023,220667.4
156,2024,235038.06
156,2025,241840.21
157,2011,123684.82
157,2012,136949.75
157,2013,146635.68
157,2014,153180.79
157,2015,150568.35
157,2016,148644.2
157,2017,156713.46
157,2018,167761.92
157,2019,180584.78
157,2020,193699.12
157,2021,219369.37
157,2022,236817.33
157,2023,254914.71
157,2024,273454.72
157,2025,290606.52
158,2014,139708.98
158,2015,134154.61
158,2016,131332.0
158,2017,136363.74
158,2018,146353.22
158,2019,158036.71
158,2020,175912.72
158,2021,192259.84
158,2022,210875.18
158,2023,222251.7
158,2024,238487.45
158,2025,254843.31
159,2012,126715.84
159,2013,133104.73
159,2014,136910.48
159,2015,134500.47
159,2016,129191.68
159,2017,133199.5
159,2018,140215.98
159,2019,144830.48
159,2020,156570.14
159,2021,169676.49
159,2022,180117.12
159,2023,195097.65
159,2024,196617.14
159,2025,207844.65
160,2010,125204.25
160,2011,135712.18
160,2012,142582.53
160,2013,151598.42
160,2014,154026.91
160,2015,147724.16
160,2016,147550.72
160,2017,148385.55
160,2018,155203.77
160,2019,168702.06
160,2020,177062.85
160,2021,201394.29
160,2022,217509.16
160,2023,234949.81
160,2024,246801.19
160,2025,261496.56
161,2011,142821.98
161,2012,155330.46
161,2013,166435.92
161,2014,165859.67
161,2015,163186.9
161,2016,158550.56
161,2017,167229.37
161,2018,174120.19
161,2019,186290.72
161,2020,195367.79
161,2021,216132.28
161,2022,229188.55
161,2023,239898.08
161,2024,253793.94
161,2025,264137.31
162,2011,157069.43
162,2012,164891.62
162,2013,179320.39
162,2014,183133.04
162,2015,176158.58
162,2016,170124.3
162,2017,175984.61
162,2018,183187.21
162,2019,187144.99
162,2020,196862.21
162,2021,212634.84
162,2022,226826.0
162,2023,243357.14
162,2024,246167.87
162,2025,245022.59
163,2010,157926.93
163,2011,172147.84
163,2012,187014.32
163,2013,195184.7
163,2014,196348.05
163,2015,193061.78
163,2016,181467.92
163,2017,186318.78
163,2018,196491.63
163,2019,206705.33
163,2020,220779.31
163,2021,243145.93
163,2022,255884.28
163,2023,272070.37
163,2024,278202.56
163,2025,279397.62
164,2015,109874.82
164,2016,110661.83
164,2017,116473.6
164,2018,122386.01
164,2019,130847.51
164,2020,138778.17
164,2021,155469.04
164,2022,164454.25
164,2023,176901.48
164,2024,188198.43
164,2025,192355.68
165,2013,150765.46
165,2014,160547.59
165,2015,161495.94
165,2016,159263.95
165,2017,169827.05
165,2018,175651.55
165,2019,190385.98
165,2020,201921.13
165,2021,229526.05
165,2022,242948.01
165,2023,255133.97
165,2024,264216.68
165,2025,273746.81
166,2012,131152.57
166,2013,140776.98
166,2014,145341.53
166,2015,138289.92
166,2016,131753.31
166,2017,132700.1
166,2018,134631.38
166,2019,138898.11
166,2020,143323.59
166,2021,151873.31
166,2022,161748.24
166,2023,164200.03
166,2024,169992.56
166,2025,168171.25
167,2010,144329.07
167,2011,160238.03
167,2012,174716.59
167,2013,187973.44
167,2014,197995.73
167,2015,197563.78
167,2016,193011.14
167,2017,207085.64
167,2018,218031.0
167,2019,238100.57
167,2020,252627.61
167,2021,278668.13
167,2022,298006.49
167,2023,324996.65
167,2024,348632.5
167,2025,373707.19
168,2014,129065.59
168,2015,128996.82
168,2016,126152.24
168,2017,135050.76
168,2018,146920.55
168,2019,160841.3
168,2020,176610.1
168,2021,203303.44
168,2022,214865.85
168,2023,235976.39
168,2024,243858.63
168,2025,249579.87
169,2015,130100.51
169,2016,127148.52
169,2017,132713.91
169,2018,136519.75
169,2019,143198.98
169,2020,157124.92
169,2021,177685.58
169,2022,188792.34
169,2023,206482.46
169,2024,220855.24
169,2025,225957.49
170,2011,141305.23
170,2012,153457.4
170,2013,163040.91
170,2014,164319.51
170,2015,162755.7
170,2016,159973.01
170,2017,161473.96
170,2018,171781.16
170,2019,187400.59
170,2020,202560.2
170,2021,227106.4
170,2022,238323.72
170,2023,256165.81
170,2024,263533.51
170,2025,269225.83
171,2010,122104.59
171,2011,135909.42
171,2012,142543.8
171,2013,151946.53
171,2014,150949.28
171,2015,142757.67
171,2016,132972.14
171,2017,132457.42
171,2018,135943.85
171,2019,139970.86
171,2020,149198.91
171,2021,164492.81
171,2022,169846.62
171,2023,177825.26
171,2024,185041.8
171,2025,193493.48
172,2013,130277.65
172,2014,130454.54
172,2015,127710.3
172,2016,124287.29
172,2017,127539.82
172,2018,129704.21
172,2019,134203.77
172,2020,143643.38
172,2021,155708.42
172,2022,164334.81
172,2023,171382.36
172,2024,178547.21
172,2025,182220.5
173,2013,152529.03
173,2014,157851.98
173,2015,150013.51
173,2016,144148.28
173,2017,151486.27
173,2018,161703.61
173,2019,167930.44
173,2020,182569.9
173,2021,203619.56
173,2022,220692.9
173,2023,239074.44
173,2024,253393.91
173,2025,264252.47
174,2012,128993.5
174,2013,140811.91
174,2014,148798.31
174,2015,144719.77
174,2016,139027.14
174,2017,143386.5
174,2018,155145.42
174,2019,166548.99
174,2020,182670.52
174,2021,201123.4
174,2022,216841.91
174,2023,238016.54
174,2024,251987.22
174,2025,269824.08
175,2013,138810.89
175,2014,140120.18
175,2015,130880.34
175,2016,124218.13
175,2017,122374.08
175,2018,123781.66
175,2019,132169.33
175,2020,143439.97
175,2021,158063.53
175,2022,168944.0
175,2023,172557.05
175,2024,172845.83
175,2025,176672.01
176,2014,136940.12
176,2015,135756.43
176,2016,128484.91
176,2017,133475.2
176,2018,142006.93
176,2019,145237.16
176,2020,157212.17
176,2021,170607.31
176,2022,179080.55
176,2023,185779.04
176,2024,193699.8
176,2025,199438.74
177,2012,147667.52
177,2013,159506.27
177,2014,169976.09
177,2015,172137.78
177,2016,165400.19
177,2017,174436.12
177,2018,180465.15
177,2019,198372.4
177,2020,217332.25
177,2021,240914.75
177,2022,264793.81
177,2023,285681.2
177,2024,302116.39
177,2025,314791.53
178,2015,113206.39
178,2016,109869.73
178,2017,114969.09
178,2018,116100.35
178,2019,119933.63
178,2020,131054.3
178,2021,141836.56
178,2022,149744.55
178,2023,160226.37
178,2024,163562.63
178,2025,170712.67
179,2012,162469.07
179,2013,168136.31
179,2014,175044.51
179,2015,168711.11
179,2016,160252.7
179,2017,164129.48
179,2018,167874.59
179,2019,172530.8
179,2020,180226.45
179,2021,199298.1
179,2022,215485.29
179,2023,228722.64
179,2024,234623.01
179,2025,238557.26
180,2014,117845.82
180,2015,115434.49
180,2016,111556.62
180,2017,114944.22
180,2018,120278.21
180,2019,125687.81
180,2020,132146.07
180,2021,142581.96
180,2022,152469.24
180,2023,157263.98
180,2024,162497.53
180,2025,170947.86
181,2012,155108.05
181,2013,162005.17
181,2014,169054.29
181,2015,163716.04
181,2016,157231.65
181,2017,165324.97
181,2018,172636.76
181,2019,184968.61
181,2020,199551.82
181,2021,223293.99
181,2022,243175.84
181,2023,251628.5
181,2024,261017.2
181,2025,267605.21
182,2011,162542.55
182,2012,170043.6
182,2013,179554.5
182,2014,178392.34
182,2015,172894.87
182,2016,169249.29
182,2017,173905.66
182,2018,179717.19
182,2019,184315.27
182,2020,197788.45
182,2021,221887.07
182,2022,236264.4
182,2023,241626.28
182,2024,246558.57
182,2025,246974.69
183,2010,153680.89
183,2011,167839.16
183,2012,182398.65
183,2013,195448.94
183,2014,202046.46
183,2015,195935.59
183,2016,184710.52
183,2017,192729.85
183,2018,200045.55
183,2019,213526.01
183,2020,226988.58
183,2021,252148.51
183,2022,260669.89
183,2023,275613.41
183,2024,289680.52
183,2025,297012.94
184,2012,118329.85
184,2013,131813.56
184,2014,138678.2
184,2015,136808.02
184,2016,134688.33
184,2017,143982.99
184,2018,154209.82
184,2019,164643.53
184,2020,183522.93
184,2021,205880.92
184,2022,226782.77
184,2023,241749.28
184,2024,259251.32
184,2025,278598.32
185,2011,165916.18
185,2012,177920.82
185,2013,188883.49
185,2014,189834.7
185,2015,186982.62
185,2016,185537.28
185,2017,185527.68
185,2018,193592.01
185,2019,203841.87
185,2020,214488.8
185,2021,229852.09
185,2022,247877.65
185,2023,253774.82
185,2024,262370.85
185,2025,270173.93
186,2014,114916.2
186,2015,109417.41
186,2016,107964.6
186,2017,110150.87
186,2018,111777.19
186,2019,116995.63
186,2020,125499.49
186,2021,136515.51
186,2022,145630.65
186,2023,154083.64
186,2024,160252.08
186,2025,169684.98
187,2012,120470.75
187,2013,125519.4
187,2014,127589.36
187,2015,123261.3
187,2016,116110.7
187,2017,118672.66
187,2018,122255.99
187,2019,131209.07
187,2020,139740.57
187,2021,155300.81
187,2022,163266.42
187,2023,167388.56
187,2024,175414.85
187,2025,175292.07
188,2014,151459.9
188,2015,151400.99
188,2016,152645.47
188,2017,154864.31
188,2018,162866.16
188,2019,176072.44
188,2020,193400.48
188,2021,216945.21
188,2022,236139.99
188,2023,245606.13
188,2024,255299.33
188,2025,268142.81
189,2015,111316.14
189,2016,109786.7
189,2017,112248.04
189,2018,117050.48
189,2019,119954.53
189,2020,126162.01
189,2021,137863.46
189,2022,147451.23
189,2023,157187.95
189,2024,166235.9
189,2025,169858.78
190,2013,121310.35
190,2014,120795.15
190,2015,119060.08
190,2016,110715.5
190,2017,114051.99
190,2018,114837.32
190,2019,119291.15
190,2020,122417.26
190,2021,136021.9
190,2022,146692.71
190,2023,153037.61
190,2024,153497.49
190,2025,158776.65
191,2010,130488.26
191,2011,147539.42
191,2012,161865.17
191,2013,177878.1
191,2014,183881.35
191,2015,184014.77
191,2016,187438.15
191,2017,191661.09
191,2018,200578.25
191,2019,213954.37
191,2020,235209.2
191,2021,262970.08
191,2022,280910.5
191,2023,294025.04
191,2024,313765.15
191,2025,337644.43
192,2011,143084.57
192,2012,153580.5
192,2013,163046.11
192,2014,165775.63
192,2015,157797.34
192,2016,154419.84
192,2017,154496.58
192,2018,163357.4
192,2019,169827.56
192,2020,178828.49
192,2021,190198.12
192,2022,197103.41
192,2023,206118.54
192,2024,211897.71
192,2025,216293.54
193,2014,150107.15
193,2015,142248.29
193,2016,137989.7
193,2017,139642.93
193,2018,145430.24
193,2019,155541.3
193,2020,163842.78
193,2021,180139.47
193,2022,190592.69
193,2023,200881.2
193,2024,204641.01
193,2025,208843.23
194,2010,145164.92
194,2011,162825.79
194,2012,180081.71
194,2013,198487.41
194,2014,205053.98
194,2015,198675.5
194,2016,193713.67
194,2017,204685.33
194,2018,211888.7
194,2019,228160.13
194,2020,250787.4
194,2021,278485.57
194,2022,297809.54
194,2023,318627.3
194,2024,337416.54
194,2025,347119.25
195,2013,126489.36
195,2014,131156.9
195,2015,132094.9
195,2016,129635.91
195,2017,136298.19
195,2018,141951.65
195,2019,150802.93
195,2020,161823.16
195,2021,182685.73
195,2022,195103.01
195,2023,212922.4
195,2024,230283.14
195,2025,237920.47
196,2013,148021.72
196,2014,148474.15
196,2015,141458.43
196,2016,134780.09
196,2017,135841.03
196,2018,143565.75
196,2019,153572.56
196,2020,162376.06
196,2021,181412.31
196,2022,188704.43
196,2023,193850.98
196,2024,205301.18
196,2025,210908.94
197,2012,121691.97
197,2013,133412.31
197,2014,140889.32
197,2015,140706.88
197,2016,136307.94
197,2017,139394.53
197,2018,149187.93
197,2019,161418.51
197,2020,174337.52
197,2021,191175.61
197,2022,201418.03
197,2023,217132.58
197,2024,226249.59
197,2025,233314.84
198,2015,127417.93
198,2016,123208.02
198,2017,129129.81
198,2018,136175.13
198,2019,149561.29
198,2020,158582.35
198,2021,176618.97
198,2022,195522.09
198,2023,213415.89
198,2024,224417.91
198,2025,230561.8
199,2010,126368.48
199,2011,138664.65
199,2012,145638.3
199,2013,158531.99
199,2014,162420.86
199,2015,155448.03
199,2016,150996.18
199,2017,159849.05
199,2018,164772.18
199,2019,172696.52
199,2020,183909.28
199,2021,209805.71
199,2022,223734.6
199,2023,234115.59
199,2024,243470.09
199,2025,252162.1
200,2014,121504.2
200,2015,117923.37
200,2016,114539.04
200,2017,118154.23
200,2018,124233.74
200,2019,135250.56
200,2020,147088.2
200,2021,166172.99
200,2022,180572.32
200,2023,195236.43
200,2024,204108.1
200,2025,216259.36
201,2013,265533.13
201,2014,272749.16
201,2015,270057.14
201,2016,257939.22
201,2017,254295.37
201,2018,261106.98
201,2019,263965.65
201,2020,284731.37
201,2021,308128.7
201,2022,331061.73
201,2023,339115.02
201,2024,347992.23
201,2025,348746.2
202,2014,246237.58
202,2015,237343.5
202,2016,224974.96
202,2017,227289.77
202,2018,234022.78
202,2019,241824.47
202,2020,263736.28
202,2021,280961.5
202,2022,309693.59
202,2023,320894.64
202,2024,331740.48
202,2025,343602.75
203,2011,251721.02
203,2012,269253.01
203,2013,285265.93
203,2014,288985.45
203,2015,288809.95
203,2016,281844.91
203,2017,291061.21
203,2018,306570.96
203,2019,321282.15
203,2020,352329.08
203,2021,378475.67
203,2022,406745.25
203,2023,426597.96
203,2024,450600.5
203,2025,462642.34
204,2012,260736.89
204,2013,284199.51
204,2014,295055.51
204,2015,305209.31
204,2016,308275.0
204,2017,325206.55
204,2018,353957.73
204,2019,374978.9
204,2020,409855.95
204,2021,450768.0
204,2022,508471.81
204,2023,529486.31
204,2024,555324.12
204,2025,575936.15
205,2014,238205.29
205,2015,241550.53
205,2016,238814.29
205,2017,247081.09
205,2018,266935.66
205,2019,287046.16
205,2020,317759.6
205,2021,354240.92
205,2022,389397.2
205,2023,411981.98
205,2024,425420.6
205,2025,452630.89
206,2010,252381.27
206,2011,271270.27
206,2012,287573.32
206,2013,309255.91
206,2014,319448.3
206,2015,308986.95
206,2016,296433.37
206,2017,296380.57
206,2018,316090.66
206,2019,328756.75
206,2020,340954.16
206,2021,374841.66
206,2022,405813.64
206,2023,435820.65
206,2024,441057.5
206,2025,455609.89
207,2012,226103.62
207,2013,245155.41
207,2014,247353.02
207,2015,238937.8
207,2016,233538.93
207,2017,237807.62
207,2018,241488.81
207,2019,251361.95
207,2020,261845.9
207,2021,275682.75
207,2022,295035.21
207,2023,314713.58
207,2024,332096.73
207,2025,339250.02
208,2010,224533.55
208,2011,248257.08
208,2012,264819.0
208,2013,272147.31
208,2014,281313.92
208,2015,274499.03
208,2016,263463.88
208,2017,266172.62
208,2018,277892.12
208,2019,292653.07
208,2020,306925.98
208,2021,331578.7
208,2022,355457.3
208,2023,375902.28
208,2024,384728.26
208,2025,384088.04
209,2013,189932.19
209,2014,190396.67
209,2015,185703.35
209,2016,174726.82
209,2017,173105.71
209,2018,179630.75
209,2019,189183.07
209,2020,196381.5
209,2021,209409.44
209,2022,226014.31
209,2023,237642.34
209,2024,245079.65
209,2025,254205.58
210,2012,256839.22
210,2013,279009.1
210,2014,291690.42
210,2015,291701.43
210,2016,289646.43
210,2017,300242.1
210,2018,309612.44
210,2019,332588.67
210,2020,355769.59
210,2021,383422.83
210,2022,423177.7
210,2023,449643.85
210,2024,478909.35
210,2025,487885.9
211,2011,237985.95
211,2012,258576.37
211,2013,275581.02
211,2014,286596.25
211,2015,285280.92
211,2016,279913.23
211,2017,283944.14
211,2018,299050.66
211,2019,313284.45
211,2020,330202.25
211,2021,352792.78
211,2022,373711.87
211,2023,383570.19
211,2024,389861.41
211,2025,400476.85
212,2013,196730.72
212,2014,202003.45
212,2015,198152.72
212,2016,188559.69
212,2017,188563.01
212,2018,200872.02
212,2019,202842.14
212,2020,220897.53
212,2021,235666.97
212,2022,248744.18
212,2023,258019.11
212,2024,258811.9
212,2025,258325.33
213,2013,248308.76
213,2014,254120.34
213,2015,254687.57
213,2016,255984.59
213,2017,267860.33
213,2018,282586.98
213,2019,304034.21
213,2020,321721.79
213,2021,347571.36
213,2022,388800.98
213,2023,406432.05
213,2024,424384.39
213,2025,442146.36
214,2013,221949.33
214,2014,222231.11
214,2015,224622.21
214,2016,214054.6
214,2017,218203.68
214,2018,221138.94
214,2019,237183.87
214,2020,255957.69
214,2021,276081.61
214,2022,307026.54
214,2023,316670.79
214,2024,338157.68
214,2025,341626.84
215,2010,238690.86
215,2011,253204.0
215,2012,273298.41
215,2013,283594.33
215,2014,285216.7
215,2015,287124.91
215,2016,283140.19
215,2017,282575.43
215,2018,296249.03
215,2019,311287.64
215,2020,330353.04
215,2021,348477.09
215,2022,374425.26
215,2023,384351.58
215,2024,392732.73
215,2025,390153.83
216,2011,255165.54
216,2012,281548.77
216,2013,294197.04
216,2014,298322.59
216,2015,285053.68
216,2016,280268.34
216,2017,288443.91
216,2018,298263.54
216,2019,306097.52
216,2020,334259.16
216,2021,363673.57
216,2022,397361.72
216,2023,419409.9
216,2024,425734.55
216,2025,443681.81
217,2012,220962.0
217,2013,235271.75
217,2014,243066.31
217,2015,237943.17
217,2016,237402.61
217,2017,247768.15
217,2018,252202.74
217,2019,261537.01
217,2020,273857.28
217,2021,298316.95
217,2022,316702.63
217,2023,331730.99
217,2024,341279.78
217,2025,352681.67
218,2015,195353.4
218,2016,187771.37
218,2017,197609.92
218,2018,209285.96
218,2019,213003.11
218,2020,226068.34
218,2021,248991.25
218,2022,266677.01
218,2023,272370.92
218,2024,286800.56
218,2025,296623.39
219,2014,209309.16
219,2015,208141.86
219,2016,203968.86
219,2017,211537.31
219,2018,220023.31
219,2019,231064.87
219,2020,253323.77
219,2021,278518.08
219,2022,310052.32
219,2023,320656.92
219,2024,336064.03
219,2025,347245.3
220,2013,232171.39
220,2014,242681.73
220,2015,244298.54
220,2016,245985.22
220,2017,258099.04
220,2018,278518.4
220,2019,303433.51
220,2020,332519.48
220,2021,365697.85
220,2022,407094.73
220,2023,430797.28
220,2024,445608.46
220,2025,480694.76
221,2010,260976.19
221,2011,277302.25
221,2012,298486.35
221,2013,318517.77
221,2014,314574.93
221,2015,302622.74
221,2016,287654.22
221,2017,288750.22
221,2018,290618.54
221,2019,302712.16
221,2020,310854.73
221,2021,341878.71
221,2022,359761.08
221,2023,362084.57
221,2024,363027.32
221,2025,362230.54
222,2015,245585.29
222,2016,240392.19
222,2017,245730.0
222,2018,256662.42
222,2019,270501.19
222,2020,290542.66
222,2021,308230.71
222,2022,329569.89
222,2023,350020.6
222,2024,353998.77
222,2025,373812.19
223,2013,256088.07
223,2014,272600.02
223,2015,279508.3
223,2016,275157.09
223,2017,289801.96
223,2018,305089.18
223,2019,328608.07
223,2020,364129.92
223,2021,409011.04
223,2022,457946.27
223,2023,475568.05
223,2024,505812.45
223,2025,530318.78
224,2015,219958.51
224,2016,214507.17
224,2017,212011.33
224,2018,214735.46
224,2019,221703.43
224,2020,228253.78
224,2021,241171.87
224,2022,256584.61
224,2023,260528.11
224,2024,269592.65
224,2025,274906.28
225,2011,215459.57
225,2012,233925.64
225,2013,250640.67
225,2014,260651.23
225,2015,262682.89
225,2016,256731.26
225,2017,267451.9
225,2018,283404.87
225,2019,296017.65
225,2020,310024.68
225,2021,343470.72
225,2022,374859.06
225,2023,394225.63
225,2024,414895.77
225,2025,429476.13
226,2013,277028.55
226,2014,292094.64
226,2015,297693.11
226,2016,291427.85
226,2017,310166.57
226,2018,332308.19
226,2019,347867.04
226,2020,376484.85
226,2021,419066.6
226,2022,453008.86
226,2023,470687.7
226,2024,493712.77
226,2025,507937.61
227,2011,246451.57
227,2012,269537.86
227,2013,284730.77
227,2014,290174.13
227,2015,294876.99
227,2016,277054.87
227,2017,277101.53
227,2018,285792.52
227,2019,290553.28
227,2020,303912.11
227,2021,337510.71
227,2022,356270.22
227,2023,383790.56
227,2024,392490.99
227,2025,399870.79
228,2012,267475.5
228,2013,288704.18
228,2014,297167.15
228,2015,297691.43
228,2016,285255.48
228,2017,291054.37
228,2018,301704.55
228,2019,304521.61
228,2020,320811.77
228,2021,338296.22
228,2022,358285.17
228,2023,379624.47
228,2024,384472.95
228,2025,385735.1
229,2011,216340.04
229,2012,234865.09
229,2013,251613.29
229,2014,253480.16
229,2015,244773.02
229,2016,235332.28
229,2017,242260.62
229,2018,253402.56
229,2019,271652.97
229,2020,294048.84
229,2021,326013.45
229,2022,346653.26
229,2023,367146.47
229,2024,372441.69
229,2025,391364.95
230,2015,201555.73
230,2016,198322.05
230,2017,208436.67
230,2018,215097.96
230,2019,229308.94
230,2020,243418.4
230,2021,270328.05
230,2022,286553.22
230,2023,304321.07
230,2024,320219.13
230,2025,335742.36
231,2014,210471.37
231,2015,207240.8
231,2016,200086.99
231,2017,197953.33
231,2018,204635.84
231,2019,209309.5
231,2020,221819.27
231,2021,236180.76
231,2022,256268.87
231,2023,260208.72
231,2024,270148.29
231,2025,283047.93
232,2011,271661.01
232,2012,301155.37
232,2013,326356.44
232,2014,330200.38
232,2015,329848.28
232,2016,330221.4
232,2017,337278.04
232,2018,353759.16
232,2019,374500.49
232,2020,410823.66
232,2021,453723.24
232,2022,492444.58
232,2023,520264.57
232,2024,546407.77
232,2025,577105.18
233,2015,191130.39
233,2016,186467.66
233,2017,189670.27
233,2018,198246.05
233,2019,209577.75
233,2020,226080.35
233,2021,254150.24
233,2022,278000.39
233,2023,289098.42
233,2024,298625.88
233,2025,308454.3
234,2014,223142.52
234,2015,221620.38
234,2016,209719.56
234,2017,214522.89
234,2018,222290.99
234,2019,228317.15
234,2020,241683.65
234,2021,264996.17
234,2022,291858.49
234,2023,300128.98
234,2024,309361.95
234,2025,324583.56
235,2010,242968.23
235,2011,264873.37
235,2012,281673.73
235,2013,303705.9
235,2014,301878.43
235,2015,298177.13
235,2016,279364.7
235,2017,287689.18
235,2018,289830.69
235,2019,303758.46
235,2020,316047.0
235,2021,342087.49
235,2022,359892.62
235,2023,380092.93
235,2024,385810.08
235,2025,389091.19
236,2015,226978.0
236,2016,214506.96
236,2017,217415.69
236,2018,222070.04
236,2019,232569.67
236,2020,241357.22
236,2021,259970.6
236,2022,282694.41
236,2023,293524.45
236,2024,303610.79
236,2025,317773.11
237,2014,263663.24
237,2015,260370.93
237,2016,247598.56
237,2017,257812.27
237,2018,266759.11
237,2019,272042.89
237,2020,280279.99
237,2021,296529.49
237,2022,321965.63
237,2023,329454.2
237,2024,338177.49
237,2025,353537.1
238,2012,197572.99
238,2013,214799.05
238,2014,224368.84
238,2015,230244.98
238,2016,224249.92
238,2017,228143.38
238,2018,238328.78
238,2019,257748.78
238,2020,276787.0
238,2021,312415.51
238,2022,343188.52
238,2023,368434.62
238,2024,396735.07
238,2025,413313.8
239,2013,263132.01
239,2014,266409.22
239,2015,262612.9
239,2016,265962.94
239,2017,278444.56
239,2018,298560.27
239,2019,308491.9
239,2020,341934.98
239,2021,372924.49
239,2022,410136.32
239,2023,442145.6
239,2024,453677.95
239,2025,479159.62
240,2010,242054.92
240,2011,259605.13
240,2012,285139.82
240,2013,308829.59
240,2014,308250.87
240,2015,293435.76
240,2016,277182.3
240,2017,280208.83
240,2018,298111.96
240,2019,317400.29
240,2020,344100.09
240,2021,379776.8
240,2022,401926.45
240,2023,413296.62
240,2024,422782.25
240,2025,421828.38
241,2012,258644.43
241,2013,274889.64
241,2014,282985.98
241,2015,285187.51
241,2016,278782.33
241,2017,284338.09
241,2018,297266.64
241,2019,308582.93
241,2020,325065.91
241,2021,354405.16
241,2022,382381.19
241,2023,391133.27
241,2024,409019.29
241,2025,421932.04
242,2012,237320.1
242,2013,249210.92
242,2014,250073.18
242,2015,250855.78
242,2016,250019.84
242,2017,263986.56
242,2018,275416.88
242,2019,295638.0
242,2020,321439.83
242,2021,353489.98
242,2022,386109.51
242,2023,398026.74
242,2024,404812.78
242,2025,419015.99
243,2010,291222.84
243,2011,318892.97
243,2012,356704.56
243,2013,379068.99
243,2014,383975.05
243,2015,382799.62
243,2016,389354.24
243,2017,418540.4
243,2018,440177.22
243,2019,475222.6
243,2020,525773.92
243,2021,585998.71
243,2022,655549.86
243,2023,686032.57
243,2024,713649.75
243,2025,732918.96
244,2012,202424.21
244,2013,221760.44
244,2014,228544.13
244,2015,227756.52
244,2016,222721.01
244,2017,230620.99
244,2018,237481.91
244,2019,241957.26
244,2020,252661.59
244,2021,279323.39
244,2022,297432.78
244,2023,318416.76
244,2024,330996.18
244,2025,344395.67
245,2010,283405.87
245,2011,313563.97
245,2012,343613.09
245,2013,365258.36
245,2014,374006.21
245,2015,374579.52
245,2016,380602.01
245,2017,408010.97
245,2018,444612.36
245,2019,465701.75
245,2020,510666.38
245,2021,555453.97
245,2022,603146.12
245,2023,631618.67
245,2024,685598.25
245,2025,716220.7
246,2015,200530.53
246,2016,199572.16
246,2017,212443.6
246,2018,229853.4
246,2019,242663.88
246,2020,266649.99
246,2021,295450.85
246,2022,330623.55
246,2023,355682.86
246,2024,372694.95
246,2025,399028.29
247,2012,255278.67
247,2013,277471.46
247,2014,291471.84
247,2015,297553.19
247,2016,286204.46
247,2017,293258.72
247,2018,311355.43
247,2019,338862.42
247,2020,376319.89
247,2021,410895.22
247,2022,455050.02
247,2023,499286.28
247,2024,515331.07
247,2025,537568.67
248,2015,233346.36
248,2016,235704.24
248,2017,240955.65
248,2018,253839.12
248,2019,274538.13
248,2020,301193.78
248,2021,327424.46
248,2022,352956.05
248,2023,370126.38
248,2024,398893.46
248,2025,420475.74
249,2014,265476.95
249,2015,267184.58
249,2016,266734.42
249,2017,273006.71
249,2018,290570.45
249,2019,304072.16
249,2020,332350.55
249,2021,375819.96
249,2022,416398.1
249,2023,442117.35
249,2024,463864.23
249,2025,473792.27
250,2011,199749.94
250,2012,220922.86
250,2013,241184.51
250,2014,252791.82
250,2015,244507.41
250,2016,235263.46
250,2017,244721.81
250,2018,259449.95
250,2019,266901.24
250,2020,289605.95
250,2021,308663.66
250,2022,339765.06
250,2023,359956.07
250,2024,366470.82
250,2025,383161.71
251,2011,248074.38
251,2012,273554.49
251,2013,291797.93
251,2014,290854.65
251,2015,287026.51
251,2016,269053.9
251,2017,270006.83
251,2018,278000.81
251,2019,295558.85
251,2020,320631.83
251,2021,340530.77
251,2022,360643.97
251,2023,382113.63
251,2024,385193.07
251,2025,390428.59
252,2010,220301.73
252,2011,245333.18
252,2012,259446.44
252,2013,268996.07
252,2014,278972.03
252,2015,281048.58
252,2016,261645.29
252,2017,270858.45
252,2018,272545.21
252,2019,282557.86
252,2020,299226.13
252,2021,328185.67
252,2022,355381.39
252,2023,369237.73
252,2024,374404.39
252,2025,385889.78
253,2014,258169.56
253,2015,257015.56
253,2016,253423.02
253,2017,255674.18
253,2018,275520.91
253,2019,287304.03
253,2020,312009.37
253,2021,348433.8
253,2022,375627.7
253,2023,390529.76
253,2024,399701.04
253,2025,412191.45
254,2011,274989.73
254,2012,286579.45
254,2013,303960.94
254,2014,309848.82
254,2015,300455.5
254,2016,281229.73
254,2017,280054.73
254,2018,298291.64
254,2019,303231.37
254,2020,317220.92
254,2021,345133.09
254,2022,375635.48
254,2023,392057.88
254,2024,405666.6
254,2025,425579.06
255,2013,216486.65
255,2014,218042.04
255,2015,208092.33
255,2016,203776.46
255,2017,206029.81
255,2018,218751.49
255,2019,231547.54
255,2020,249371.74
255,2021,274641.27
255,2022,289110.31
255,2023,300683.69
255,2024,303901.53
255,2025,317599.19
256,2015,207241.83
256,2016,200521.92
256,2017,203305.04
256,2018,209411.93
256,2019,214096.69
256,2020,230229.75
256,2021,257649.01
256,2022,280869.53
256,2023,288352.52
256,2024,304622.75
256,2025,316623.33
257,2013,229474.88
257,2014,239016.84
257,2015,236971.03
257,2016,236406.32
257,2017,241339.71
257,2018,254855.59
257,2019,270216.91
257,2020,297427.32
257,2021,327524.46
257,2022,357712.94
257,2023,382442.75
257,2024,400358.21
257,2025,422612.92
258,2012,250217.27
258,2013,261008.96
258,2014,262001.49
258,2015,252734.73
258,2016,237833.87
258,2017,242681.35
258,2018,256392.59
258,2019,270321.9
258,2020,282408.52
258,2021,307388.3
258,2022,330278.21
258,2023,335335.29
258,2024,343772.1
258,2025,358441.13
259,2011,265959.57
259,2012,290278.16
259,2013,313548.89
259,2014,317072.69
259,2015,306510.27
259,2016,294729.9
259,2017,305071.46
259,2018,324692.73
259,2019,333300.38
259,2020,353921.36
259,2021,383968.27
259,2022,419801.4
259,2023,453296.84
259,2024,482173.18
259,2025,489670.55
260,2015,202865.06
260,2016,204911.13
260,2017,213524.6
260,2018,225901.56
260,2019,233359.34
260,2020,247644.97
260,2021,267867.01
260,2022,294124.66
260,2023,319212.16
260,2024,344345.67
260,2025,359103.09
261,2012,253041.07
261,2013,278151.19
261,2014,279301.27
261,2015,278933.13
261,2016,273980.85
261,2017,287017.01
261,2018,303206.38
261,2019,310969.39
261,2020,336256.15
261,2021,365119.49
261,2022,408553.75
261,2023,439084.56
261,2024,448987.3
261,2025,456919.32
262,2014,207287.14
262,2015,200605.59
262,2016,190748.54
262,2017,194362.28
262,2018,196899.32
262,2019,204937.0
262,2020,212707.15
262,2021,223968.91
262,2022,244334.06
262,2023,250559.42
262,2024,263099.8
262,2025,271334.46
263,2013,247558.87
263,2014,244880.59
263,2015,245674.12
263,2016,234334.81
263,2017,243674.48
263,2018,249632.98
263,2019,259415.09
263,2020,269888.42
263,2021,289208.96
263,2022,303505.01
263,2023,310275.57
263,2024,312551.94
263,2025,319511.81
264,2013,199111.8
264,2014,208802.72
264,2015,202593.38
264,2016,194966.97
264,2017,200717.9
264,2018,214593.08
264,2019,222468.96
264,2020,235797.6
264,2021,260722.13
264,2022,277273.54
264,2023,299321.89
264,2024,312237.38
264,2025,331555.95
265,2010,249057.58
265,2011,268324.34
265,2012,290502.79
265,2013,318697.42
265,2014,321668.81
265,2015,317704.69
265,2016,302642.6
265,2017,320612.34
265,2018,345301.89
265,2019,361212.48
265,2020,397920.06
265,2021,427254.87
265,2022,474918.85
265,2023,509737.67
265,2024,520711.9
265,2025,549776.9
266,2010,231700.01
266,2011,250364.89
266,2012,266446.68
266,2013,281143.89
266,2014,288765.68
266,2015,291129.15
266,2016,286184.77
266,2017,291235.34
266,2018,299082.6
266,2019,306783.25
266,2020,337022.86
266,2021,368673.27
266,2022,392463.89
266,2023,413630.93
266,2024,432634.09
266,2025,441014.78
267,2010,255792.69
267,2011,290019.2
267,2012,320252.27
267,2013,341338.47
267,2014,352075.63
267,2015,363677.27
267,2016,361052.87
267,2017,368971.56
267,2018,382562.47
267,2019,417252.27
267,2020,442996.5
267,2021,487717.07
267,2022,527297.76
267,2023,560252.31
267,2024,601072.86
267,2025,645663.29
268,2013,259279.3
268,2014,267726.85
268,2015,263595.21
268,2016,253074.21
268,2017,257434.33
268,2018,263968.99
268,2019,279908.52
268,2020,303877.11
268,2021,322427.87
268,2022,357815.91
268,2023,380446.95
268,2024,396824.32
268,2025,398682.71
269,2012,201131.24
269,2013,219772.47
269,2014,222807.35
269,2015,221301.4
269,2016,220021.0
269,2017,233239.48
269,2018,246890.46
269,2019,268746.89
269,2020,285542.33
269,2021,321770.87
269,2022,349659.08
269,2023,369236.13
269,2024,382817.2
269,2025,409975.81
270,2012,212375.15
270,2013,229707.82
270,2014,231237.46
270,2015,227322.13
270,2016,213380.69
270,2017,213393.9
270,2018,221548.56
270,2019,235201.69
270,2020,246963.55
270,2021,265053.9
270,2022,287548.64
270,2023,300160.24
270,2024,308961.39
270,2025,320690.98
271,2011,234392.67
271,2012,252949.31
271,2013,262010.32
271,2014,263818.31
271,2015,259353.46
271,2016,252034.83
271,2017,254354.35
271,2018,260895.44
271,2019,266640.66
271,2020,283602.89
271,2021,300022.87
271,2022,319368.98
271,2023,337453.45
271,2024,348403.57
271,2025,367747.11
272,2013,257763.28
272,2014,262430.19
272,2015,263969.48
272,2016,252231.87
272,2017,263296.02
272,2018,280214.64
272,2019,298146.82
272,2020,326076.31
272,2021,348769.13
272,2022,382443.61
272,2023,399005.22
272,2024,407479.93
272,2025,420609.41
273,2015,248333.91
273,2016,243142.91
273,2017,255101.71
273,2018,273118.4
273,2019,291325.63
273,2020,321117.77
273,2021,350653.76
273,2022,388905.59
273,2023,403322.69
273,2024,418663.9
273,2025,428478.72
274,2014,222282.97
274,2015,221375.36
274,2016,216978.72
274,2017,224684.36
274,2018,235008.13
274,2019,243200.13
274,2020,254718.65
274,2021,276641.9
274,2022,297118.23
274,2023,303809.84
274,2024,320344.96
274,2025,323513.91
275,2015,213366.74
275,2016,209680.32
275,2017,221338.29
275,2018,237472.87
275,2019,251993.72
275,2020,275978.27
275,2021,308806.31
275,2022,337386.79
275,2023,356709.43
275,2024,371978.65
275,2025,391755.42
276,2014,202985.62
276,2015,199080.62
276,2016,201472.3
276,2017,216494.61
276,2018,223583.85
276,2019,238716.4
276,2020,266167.32
276,2021,288023.94
276,2022,314095.98
276,2023,326173.94
276,2024,343814.5
276,2025,362283.54
277,2013,267270.4
277,2014,279746.52
277,2015,278342.06
277,2016,272124.03
277,2017,278318.02
277,2018,288532.18
277,2019,298926.28
277,2020,323796.16
277,2021,362565.53
277,2022,394763.2
277,2023,416560.51
277,2024,432843.27
277,2025,460663.12
278,2015,219761.97
278,2016,203641.39
278,2017,208404.97
278,2018,210350.38
278,2019,221956.09
278,2020,236105.28
278,2021,260195.74
278,2022,273136.41
278,2023,276636.72
278,2024,288957.25
278,2025,299913.75
279,2011,250388.28
279,2012,269498.8
279,2013,290030.46
279,2014,294371.72
279,2015,285976.6
279,2016,271848.37
279,2017,280790.27
279,2018,287242.23
279,2019,291500.42
279,2020,305771.81
279,2021,318975.04
279,2022,341519.32
279,2023,357788.22
279,2024,371422.87
279,2025,372040.62
280,2010,220456.7
280,2011,246414.74
280,2012,263517.84
280,2013,278126.71
280,2014,289076.41
280,2015,288825.57
280,2016,286735.98
280,2017,308009.76
280,2018,319559.75
280,2019,344450.6
280,2020,374712.84
280,2021,422337.06
280,2022,472435.86
280,2023,497639.01
280,2024,527097.91
280,2025,553299.73
281,2015,250968.72
281,2016,240092.48
281,2017,249294.85
281,2018,263384.79
281,2019,278714.57
281,2020,301378.67
281,2021,329071.16
281,2022,359466.0
281,2023,380086.54
281,2024,405322.56
281,2025,419269.79
282,2010,260550.48
282,2011,286607.5
282,2012,318525.08
282,2013,343116.46
282,2014,349932.2
282,2015,345660.37
282,2016,347808.55
282,2017,356074.48
282,2018,367591.88
282,2019,391626.14
282,2020,423633.85
282,2021,458955.79
282,2022,509573.62
282,2023,530878.19
282,2024,560362.29
282,2025,584231.85
283,2011,268771.46
283,2012,298115.74
283,2013,319899.4
283,2014,338138.84
283,2015,331732.95
283,2016,328228.09
283,2017,336925.46
283,2018,350303.67
283,2019,379556.02
283,2020,407565.41
283,2021,454387.36
283,2022,496418.59
283,2023,523423.45
283,2024,562714.81
283,2025,594754.37
284,2012,224698.6
284,2013,239417.26
284,2014,243708.27
284,2015,235715.5
284,2016,220741.22
284,2017,227681.39
284,2018,231066.27
284,2019,234053.61
284,2020,247140.82
284,2021,258390.57
284,2022,284392.97
284,2023,302202.45
284,2024,311846.63
284,2025,322951.99
285,2010,261327.8
285,2011,292773.68
285,2012,317418.47
285,2013,339052.44
285,2014,353297.2
285,2015,357740.79
285,2016,343426.18
285,2017,358246.43
285,2018,385188.34
285,2019,396489.57
285,2020,421918.75
285,2021,471159.22
285,2022,503546.35
285,2023,531957.9
285,2024,557893.12
285,2025,579586.33
286,2010,233611.26
286,2011,265782.58
286,2012,287209.9
286,2013,314028.58
286,2014,324384.49
286,2015,321781.32
286,2016,318233.88
286,2017,331527.38
286,2018,347845.99
286,2019,376062.73
286,2020,405543.16
286,2021,443532.63
286,2022,489927.49
286,2023,535556.53
286,2024,553348.9
286,2025,580676.48
287,2012,243136.48
287,2013,268184.48
287,2014,280575.28
287,2015,284879.72
287,2016,277331.7
287,2017,286180.86
287,2018,309085.05
287,2019,324106.77
287,2020,353445.78
287,2021,389638.88
287,2022,433787.04
287,2023,455602.12
287,2024,486443.53
287,2025,517448.48
288,2012,252558.88
288,2013,273225.54
288,2014,289063.4
288,2015,284384.54
288,2016,269193.79
288,2017,270539.02
288,2018,277240.84
288,2019,290203.2
288,2020,312197.1
288,2021,344872.95
288,2022,373386.64
288,2023,398813.17
288,2024,411293.68
288,2025,414728.27
289,2014,250609.48
289,2015,239490.05
289,2016,232017.34
289,2017,242533.92
289,2018,247603.96
289,2019,258806.32
289,2020,268842.69
289,2021,297931.99
289,2022,314011.68
289,2023,329104.08
289,2024,337640.34
289,2025,350922.99
290,2013,204575.31
290,2014,212464.84
290,2015,205687.99
290,2016,194292.83
290,2017,195758.66
290,2018,201703.68
290,2019,212536.9
290,2020,221211.58
290,2021,239514.81
290,2022,266652.48
290,2023,283383.21
290,2024,297471.22
290,2025,308883.09
291,2010,229355.41
291,2011,251237.22
291,2012,279135.6
291,2013,297726.93
291,2014,300977.1
291,2015,300114.19
291,2016,304467.83
291,2017,313231.32
291,2018,337745.76
291,2019,351781.02
291,2020,371915.55
291,2021,420673.5
291,2022,455348.77
291,2023,481276.38
291,2024,511938.18
291,2025,523003.22
292,2013,235468.81
292,2014,237034.34
292,2015,233302.36
292,2016,218073.33
292,2017,220991.93
292,2018,225110.06
292,2019,226589.4
292,2020,233590.29
292,2021,254516.92
292,2022,277581.77
292,2023,279832.38
292,2024,287791.49
292,2025,295815.15
293,2012,251004.93
293,2013,264116.45
293,2014,272199.05
293,2015,267548.26
293,2016,260736.19
293,2017,270323.07
293,2018,278356.32
293,2019,298769.94
293,2020,328447.21
293,2021,361627.78
293,2022,395845.95
293,2023,426345.12
293,2024,457773.95
293,2025,466615.48
294,2012,198493.35
294,2013,211401.65
294,2014,219969.56
294,2015,222742.79
294,2016,212501.37
294,2017,220450.39
294,2018,238304.9
294,2019,248524.92
294,2020,264242.07
294,2021,282116.96
294,2022,316594.13
294,2023,336921.53
294,2024,350028.34
294,2025,370438.05
295,2012,203682.77
295,2013,224465.93
295,2014,236677.0
295,2015,234976.49
295,2016,227583.26
295,2017,238543.03
295,2018,259808.14
295,2019,278546.53
295,2020,298770.21
295,2021,327852.65
295,2022,353554.3
295,2023,380534.94
295,2024,401757.59
295,2025,429808.72
296,2014,206727.25
296,2015,202672.37
296,2016,192962.54
296,2017,194894.2
296,2018,211358.47
296,2019,219895.04
296,2020,235639.12
296,2021,262760.83
296,2022,290138.49
296,2023,307129.89
296,2024,331109.85
296,2025,350650.26
297,2010,271147.27
297,2011,294181.39
297,2012,320233.27
297,2013,344003.89
297,2014,362729.43
297,2015,363508.58
297,2016,353130.33
297,2017,373089.14
297,2018,397295.97
297,2019,433563.26
297,2020,480944.83
297,2021,533140.75
297,2022,596505.02
297,2023,627142.22
297,2024,648027.53
297,2025,689006.05
298,2014,232143.68
298,2015,222059.67
298,2016,220012.24
298,2017,227050.65
298,2018,232875.85
298,2019,244847.32
298,2020,253547.72
298,2021,276847.21
298,2022,306267.1
298,2023,325937.52
298,2024,329984.98
298,2025,341000.45
299,2012,281486.5
299,2013,288524.63
299,2014,296436.44
299,2015,282168.46
299,2016,271346.66
299,2017,277160.63
299,2018,278402.76
299,2019,282366.77
299,2020,294935.67
299,2021,322567.58
299,2022,350264.38
299,2023,360317.86
299,2024,361553.21
299,2025,371442.95
300,2014,244839.75
300,2015,240215.44
300,2016,240366.93
300,2017,243751.92
300,2018,248683.06
300,2019,255966.19
300,2020,267450.22
300,2021,287981.78
300,2022,317886.06
300,2023,327888.36
300,2024,339422.16
300,2025,343837.55
